first,last,phone
Carl,Gonzalez,(670) 583-9603
Caroline,Fernandez,(659) 622-9275
Abbie,Alvarez,(726) 816-2662
Chester,Gonzales,(688) 775-3355
Rosa,Russell,(318) 205-6163
Cecelia,Cain,(282) 892-5870
Jeffery,Johnston,(523) 599-5431
Bernice,Miles,(853) 539-2423
Daniel,Johnston,(210) 914-5898
Louisa,Carroll,(917) 625-2314
Annie,Lambert,(555) 428-4884
Milton,Lowe,(469) 662-7106
Jay,Hunter,(689) 853-6791
Brian,Garza,(567) 306-2711
Jacob,Hicks,(550) 901-8981
Floyd,Chambers,(449) 329-9752
Alejandro,Clayton,(646) 906-2177
Antonio,Brewer,(775) 645-4694
Willie,Clark,(667) 889-8680
Harry,Caldwell,(982) 547-6276
Bryan,Goodman,(580) 433-4993
Georgia,Maxwell,(957) 758-9048
Lenora,Schwartz,(667) 881-1861
Jeffrey,Harper,(656) 873-5474
Lucille,Adams,(352) 499-7519
Hannah,Cox,(669) 364-5096
Oscar,Bridges,(417) 650-7894
Ethan,Woods,(454) 921-2386
Christina,Henry,(709) 505-2892
Jerome,Burton,(631) 300-5543
Pearl,Conner,(555) 563-3286
Sylvia,McBride,(509) 473-1155
Maria,Stevenson,(735) 769-3220
Jose,Kennedy,(835) 720-6264
Shane,Holland,(407) 605-8239
Eugene,Garcia,(288) 631-5077
Isabel,Drake,(226) 406-6649
Chris,Butler,(439) 839-1868
Clayton,Love,(653) 675-2869
Rose,Collier,(417) 635-4077
Pearl,Bowen,(214) 951-4744
Pearl,Flores,(410) 665-1534
Joseph,Cross,(487) 227-8979
Dylan,Bennett,(474) 856-3647
Hattie,Duncan,(325) 276-2432
Ethel,Ray,(532) 581-9263
Bernard,Parks,(802) 253-8605
Lettie,Pope,(359) 263-1922
Arthur,Fleming,(563) 738-4683
Celia,Barton,(769) 514-7150
Craig,Brewer,(959) 765-9321
Cordelia,Yates,(917) 946-6964
Lena,Reyes,(312) 691-6091
Marvin,Stone,(467) 812-5419
Hester,Bass,(420) 203-5741
Ralph,Lucas,(342) 580-1717
Douglas,Rogers,(719) 637-9582
Melvin,Webb,(359) 325-1744
Belle,Guerrero,(945) 856-9567
Ola,McCoy,(266) 628-9789
Nell,Harper,(959) 690-5122
Lawrence,Boone,(943) 761-2539
Bernice,Baldwin,(369) 214-9653
Irene,Park,(984) 848-8232
Bertha,Greene,(365) 350-4254
Jonathan,Washington,(429) 892-3386
Hulda,Murphy,(932) 391-9658
Carl,Figueroa,(443) 425-7536
Sam,Hamilton,(423) 351-4644
Peter,Sullivan,(786) 221-4221
Louis,Bridges,(813) 223-7751
Jeanette,Burton,(274) 277-4885
Helen,Alvarez,(417) 815-4670
Theresa,Castillo,(287) 374-8890
Josie,McLaughlin,(765) 349-6785
Mattie,Curtis,(275) 437-3218
Kyle,Wade,(256) 827-9040
Elmer,Nelson,(887) 279-1313
Edith,Ramirez,(506) 398-4210
Earl,Sherman,(359) 655-2721
Henrietta,Griffith,(583) 927-2022
Fred,Spencer,(705) 536-6634
Ora,Hale,(756) 859-4079
Stella,Rhodes,(566) 221-1608
Barbara,Woods,(267) 358-3017
Mathilda,Fisher,(234) 824-7669
Cory,Wilkins,(506) 973-8554
Willie,Leonard,(435) 317-8777
Bill,Marshall,(443) 434-2768
Lenora,Greene,(760) 652-5596
Emma,Gordon,(726) 927-1680
Albert,Obrien,(975) 389-9612
Hunter,King,(834) 770-3766
Betty,Bass,(281) 602-4775
Irene,Webb,(686) 626-4533
Arthur,Austin,(688) 664-2192
Catherine,Thornton,(355) 705-4672
Tyler,Pittman,(452) 886-3513
Tommy,Boone,(276) 712-8544
Raymond,Hamilton,(563) 352-6917
